概述,公司,职位类别,工作地点,招聘人数,最后发布时间,描述
行业客户经理,广东联通—广州市分公司,市场营销经理,广州,25人,2018-08-18, 职位描述:1、负责名单制客户通信及行业应用需求的挖掘分析和预测工作、集团系统集成和营销服务工作；2、负责对名单制客户的分析，实施客户保留计划，做好名单制客户收入的存量和深挖工作；3、负责市场的调查、分析和预测工作，了解客户需求和竞争对手动态，及时反馈信息，为网络建设规模和市场策略制定提供依据；4、负责对名单制客户的营销工作，实施公司统一组织的销售、促销活动；任职要求:1、2019年全日制本科及以上学历应届大学毕业生；2、通信、计算机、市场营销等相关专业；3、专业基础扎实，综合成绩在专业或班级排名前30%；4、具有较强的进取心和责任感，具备良好的逻辑思维、问题分析、沟通表达和团队协作能力。                       
越南语运营,秋季双选会—深圳市开心互娱网络有限公司,其他语种翻译,深圳-南山区,若干,2018-08-18, 岗位职责：1.负责中越资料的翻译；2.负责公司越南市场自媒体运营管理和维护工作，利用个性化、精细化运营手段，提升用户体验，增加粉丝数量，提升粉丝的活跃度、互动率和粘性；3.越南市场信息搜集与翻译。岗位要求：1.大专以上学历，越南语专业，有越南留学背景、海外生活经历优先；2.有良好的沟通、表达能力，学习能力和自驱力强；3.工作细心、严谨、效率高，有较强的责任心。                       
机械研发工程师,中船重工—中国船舶重工集团公司第七二三研究所,机械研发工程师,扬州-邗江区,若干,2018-08-18, 【机械制造工程师岗位职责】1、结合产品研制流程，完成产品机械设计、文件编制及产品调试等工作；2、承担产品重要零部件、关键件、复杂件的加工工艺编制和工艺规程设计工作，做好生产一线工艺产品的技术管理工作。3、 完成产品的伺服结构或控制技术开发设计工作。【招聘要求】1、机械设计、自动控制及相关专业毕业，硕士及以上学历；2、熟悉UG、CAD等常用设计软件。3、较强的动手能力和良好的问题分析、解决能力。                       
系统支撑岗,广东联通—梅州市分公司,通信技术工程师,梅州,若干,2018-08-18, 职位描述:1、负责公司业务收入出帐、系统调帐、数据统计、经营报表及配合客服投诉处理等工作2、负责云业务、物联网技术方案支撑任职要求:1、2019年全日制本科及以上学历应届大学毕业生；2、通信工程、信息工程、光纤通信、电子信息、无线通信、无线电、自动化工程、电气工程、计算机等相关专业；3、专业基础扎实，综合成绩在专业或班级排名前30%；4、具有较强的进取心和责任感，具备良好的逻辑思维、问题分析、沟通表达和团队协作能力。                       
社区服务板块岗位（管培生）,泰康健投—上海申园养老社区,其他,上海-松江区,8人,2018-08-18, 为住户提供个案管理服务，主责住户评估、服务方案的制定及更新、关怀访视、专业个案、专业小组、住户关系人沟通、复杂个案的沟通，协调资源为社工团队及管家团队提供支持、培训及督导。1、发起住户的各类评估，参与入住后及定期综合评估，提供评估意见及服务建议；2、与住户关系人定期沟通住户在社区的居住情况；参与个案管理期的住户关系人沟通；3、视需要为住户关系人提供关于住户的健康宣教，以获得住户关系人对于社区服务的理解与支持配合，建立互信；4、根据服务方案进行日常关怀访视，及时识别风险；5、开展新住户的入住适应服务，帮助新住户尽快适应社区生活；6、根据住户需求及风险评价，组织实施专业个案或小组活动，为有需求的住户出具服务方案。职位要求1、具备服务意识，对养老行业有热情；2、形象气质佳；3、热心、友好、耐心，易于相处；4、有一定的应变能力，善于处理突发情况、解决矛盾冲突；5、老年服务、社会工作、护理、医疗、心理学、运动康复相关专业，本科以上学历。薪酬福利：1、基本福利 安心工作：有竞争力的起薪标准、五险一金、带薪年假、带薪病假；2、补充福利 快乐工作：年度体检、生日礼物、父母生日假、工装、洗衣卡、结婚生育礼金；3、超级福利 人生保障：企业年金、补充商业保险、司龄奖金；4、成长福利 进步动力：司龄奖金、年度差异化调薪、每年的市场对标让你的薪酬拉高行业平均分！                           
产品经理,南京领添—南京总部,互联网产品经理/主管,南京-雨花台区,16人,2018-08-18, 岗位职责：1)、调研用户需求，收集用户数据，对用户行为进行分析和研究，提出产品优化和改进方案；2)、负责相关产品的功能规划和设计；3)、推动、控制、协调产品的开发与发布；4)、分析行业及竞品产品，跟踪最新发展趋势。任职资格：1)、2019年毕业，本科及以上学历，专业不限；（计算机、软件工程、数据分析、信息安全等专业优先）；2)、对产品工作有浓厚的兴趣，不满足现状，有上进心；3)、有强烈的责任心、自驱力、团队协作能力，具有成长型思维，学习适应能力强；                       
JAVA开发工程师,南京领添—南京总部,Java开发工程师,南京-雨花台区,30人,2018-08-18, 岗位职责： 1)、电子商务网站的设计和开发；2)、电子商务WEB应用系统的设计和开发； 3)、其他基于J2EE系统架构的系统开发；4)、协助上级完成协调梳理工作。 任职资格： 1)、2019年毕业，本科及以上学历，计算机相关专业，或非计算机相关专业（但业余自修过计算机专业的所有必修课），英语四级及以上； 2)、对软件开发工作有富有热情，强悍的逻辑性和创造力，工作责任心强，喜欢研究新技术、新标准；3)、熟悉Java编程语言，有基于Java语言的WEB应用开发经验者优先； 4)、熟悉Mysql，熟练应用⼀一种关系型数据库系统；5)、有常用framework使用经验者优先；                       
流体力学/空气动力学,中船重工—河北汉光重工有限责任公司,科研人员,邯郸-丛台区,5人,2018-08-18, 从事流体力学/空气动力学科研开发工作。一、待遇：工资=基本工资+奖金+补贴+安家费1.博士研究生基本工资20000元/月，给予安家费72万元（按具体协议执行）2.硕士研究生基本工资12000元/月，给予安家费72万元（按具体协议执行）3.各类补贴月均1200元左右4.技术项目经理奖每月1500～2000元/月5.技术项目结项奖课题组2～20万元奖励6.年终奖根据年度工作情况综合考核奖励二、缴纳五险一金三、劳动合同签订期限  首次签订劳动合同1年，期满考核合格后，开始按6000元/月发放安家费，并签订无固定期限劳动合同。四、食宿条件1.提供单身宿舍：夏有空调，冬有暖气，独立卫生间2.职工餐厅：环境宽敞、明亮、干净、卫生联系人：李淑周    0310-7208707    13180531650              胡圣洁    0310-7208715    18232086055地址：河北省邯郸市经济技术开发区（东区）和谐大街8号联系邮箱：864937941@qq.com                       
测试工程师,南京领添—南京总部,软件测试,南京-雨花台区,4人,2018-08-18," 岗位职责：1)、负责WEB站点后台系统的功能和兼容性测试以及性能测试工作；2)、编写测试计划、测试用例，执行测试，给出并分析测试报告；3)、推动并监控整个项目流程的实施，推动问题的解决，保障产品质量；4)、使用新工具，移动平台测试框架提高测试效率。任职资格：1)、2019年毕业，本科及以上学历,计算机相关专业，或非计算机相关专业(但业余自修过计算机专业的所有必修课)，英语四级及以上；2)、熟悉测试理论知识和测试流程规范，熟悉至少一门编程语言，能运用selenium、appium进行自动化测试；3)、工作积极主动，学习能力强，对新事物新方法能很快接受并学会用手机应用测试的各种工具和框架，如主流的云测试平台。                       "
系统支撑岗,广东联通—韶关市分公司,通信技术工程师,韶关,1人,2018-08-18, 职位描述:1、负责批量类数据变更操作及单个投诉系统操作2、负责生产系统部分产品和部分活动的配置、验证、导入3、负责生产系统账号新增、删除、变更和稽核4、负责传统生产系统的数据稽核与运行维护5、负责互联网侧系统的运行维护（新划入码上购等系统，需增编）6、负责渠道侧面向代理商的系统运行维护（新划入，需增编）（30%）任职要求:1、2019年全日制本科及以上学历应届大学毕业生；2、通信工程、信息工程、光纤通信、电子信息、无线通信、无线电、自动化工程、电气工程、计算机等相关专业；3、专业基础扎实，综合成绩在专业或班级排名前30%；4、具有较强的进取心和责任感，具备良好的逻辑思维、问题分析、沟通表达和团队协作能力。                       
隆基泰和·和心力管培生（金融类）,隆基泰和集团—隆基泰和集团有限公司,储备干部,河北省,若干,2018-08-18, 一、职位简介“和心力”管培生是隆基泰和集团统一推行，致力于招募和培养总部和事业部核心管理者的校园招聘项目。隆基泰和希望同一群高知高能高潜的“和心力”为伴，为其提供一个长期的事业发展平台，使其发展为企业中高层核心管理者。招聘面向优秀高校的应届本科生、硕士研究生和博士研究生。招聘专业：金融学、经济学等。二、培训与发展我们坚持从最优秀的高校招聘未来的中高层核心管理人才，其目标是将毕业生培养成精通业务的管理者，擅于创新的变革者和强于整合的组织者。三年培养周期内，将参与集团主导的12-13次培训，7次评估，业务和人力双导师护航，适时轮岗提升，直至达成目标。1年成长为主管，2-4年成长为中层经理，5年成长为总监。三、薪酬福利行业极具竞争力的薪资，完善的福利保障待遇，享受养老、失业、生育、工伤、医疗等社会保险及住房公积金，办理人事档案、党组织关系接收手续，享受饭费补助、话费补助、住房补助等多项福利补贴。根据岗位级别的不同，还可享受：福利购房、福利购车、投资参股、学历式深造、外出学习考察等政策。                       
隆基泰和·和心力管培生（商贸流通类）,隆基泰和集团—隆基泰和集团有限公司,外贸/贸易专员/助理,河北省,若干,2018-08-18, 一、职位简介“和心力”管培生是隆基泰和集团统一推行，致力于招募和培养总部和事业部核心管理者的校园招聘项目。隆基泰和希望同一群高知高能高潜的“和心力”为伴，为其提供一个长期的事业发展平台，使其发展为企业中高层核心管理者。招聘面向优秀高校的应届本科生、硕士研究生和博士研究生。招聘专业：工商管理、国际经济与贸易、物流管理等。二、培训与发展我们坚持从最优秀的高校招聘未来的中高层核心管理人才，其目标是将毕业生培养成精通业务的管理者，擅于创新的变革者和强于整合的组织者。三年培养周期内，将参与集团主导的12-13次培训，7次评估，业务和人力双导师护航，适时轮岗提升，直至达成目标。1年成长为主管，2-4年成长为中层经理，5年成长为总监。三、薪酬福利行业极具竞争力的薪资，完善的福利保障待遇，享受养老、失业、生育、工伤、医疗等社会保险及住房公积金，办理人事档案、党组织关系接收手续，享受饭费补助、话费补助、住房补助等多项福利补贴。根据岗位级别的不同，还可享受：福利购房、福利购车、投资参股、学历式深造、外出学习考察等政策。                       
新媒体运营岗,广东联通—梅州市分公司,市场营销专员/助理,梅州,若干,2018-08-18, 职位描述:1、协助进行企业文化建设规划。2、负责公司对内对外新闻宣传和宣传渠道管理工作。3、负责协调同各类媒体的公共关系和舆论监控工作。4、协助编写各类文件、材料。5、负责公司宣传队伍管理和培训。任职要求:1、2019年全日制本科及以上学历应届大学毕业生；2、通信类、计算机类、电子商务、新闻与传播等相关专业；3、专业基础扎实，综合成绩在专业或班级排名前30%；4、具有较强的进取心和责任感，具备良好的逻辑思维、问题分析、沟通表达和团队协作能力。                       
市场营销管理（高薪+晋升）,香港新依和—成都一公司,市场营销主管,成都-成华区,若干,2018-08-18, 本次招聘，主要针对2017-2018年年初成都拓展第三家公司，做人才储备，欢迎广大有想法，想在未来职业岗位上有大晋升的人，不甘于做一份安稳的工作，或者不安于现状的你，成都依和战队欢迎您的加入！【福利待遇】1、无责任底薪3000+提成（10%-35%）+奖金+补助，（你的能力决定了你的工资），达到经理级别，年薪20、30万。2、完善的养老、医疗、失业等社会保险。3、端午节、中秋节、生日等礼金的发放。4、在职带薪培训（集团统一拓展培训+在线培训），带薪休假，出国旅游学习机会等。5、定期团队活动（庆功会、公司旅游、体育活动等）。6、提供宿舍，宿舍设施齐全，距公司五分钟路程，绩效奖金，丰厚的年终奖等等。【职位要求】1、大专以上学历，管理类相关专业，吃苦耐劳，独立性强。2、具备较强的商务洽谈能力、沟通技巧和团队协作能力，有责任心，能承受较大的工作压力，务实的工作心态。3、愿意从基层做起，勇于挑战，愿意自我培养，挑战自我，挑战高薪，有上进心，有责任感，团队荣誉感，能够跟团队良好的合作.【职位描述】1、经几个月的轮岗实习（人事、行政、财务、销售等）了解企业文化和公司产品。2、充分了解公司，认同公司文化，熟悉公司市场，协助公司经理处理各种事务。3、协助销售人员负责公司产品的销售及推广，参与策划有关公司产品的相关市场活动。公司地址：成华区双林路388号富临大厦17-06室。四川电视塔对面。 乘车路线：乘坐20.341.8.80.61.106.237.在猛追湾街口站下；     乘坐5.6.89.101.106.1033在游泳池站下；  或乘坐地铁3/4号线至市二医院站下车。联系人：张经理  卢经理联系电话：028-83533780  14708066982 15102868464（同微信）集团官网：http://www.newyiho.com/                       
隆基泰和·和心力管培生（营销招商类）,隆基泰和集团—隆基泰和集团有限公司,招商专员,河北省,若干,2018-08-18, 一、职位简介“和心力”管培生是隆基泰和集团统一推行，致力于招募和培养总部和事业部核心管理者的校园招聘项目。隆基泰和希望同一群高知高能高潜的“和心力”为伴，为其提供一个长期的事业发展平台，使其发展为企业中高层核心管理者。招聘面向优秀高校的应届本科生、硕士研究生和博士研究生。招聘专业：专业不限。二、培训与发展我们坚持从最优秀的高校招聘未来的中高层核心管理人才，其目标是将毕业生培养成精通业务的管理者，擅于创新的变革者和强于整合的组织者。三年培养周期内，将参与集团主导的12-13次培训，7次评估，业务和人力双导师护航，适时轮岗提升，直至达成目标。1年成长为主管，2-4年成长为中层经理，5年成长为总监。三、薪酬福利行业极具竞争力的薪资，完善的福利保障待遇，享受养老、失业、生育、工伤、医疗等社会保险及住房公积金，办理人事档案、党组织关系接收手续，享受饭费补助、话费补助、住房补助等多项福利补贴。根据岗位级别的不同，还可享受：福利购房、福利购车、投资参股、学历式深造、外出学习考察等政策。                       
隆基泰和·和心力管培生（产业运营类）,隆基泰和集团—隆基泰和集团有限公司,产品运营,河北省,若干,2018-08-18, 一、职位简介“和心力”管培生是隆基泰和集团统一推行，致力于招募和培养总部和事业部核心管理者的校园招聘项目。隆基泰和希望同一群高知高能高潜的“和心力”为伴，为其提供一个长期的事业发展平台，使其发展为企业中高层核心管理者。招聘面向优秀高校的应届本科生、硕士研究生和博士研究生。招聘专业：产业经济学、工商管理等。二、培训与发展我们坚持从最优秀的高校招聘未来的中高层核心管理人才，其目标是将毕业生培养成精通业务的管理者，擅于创新的变革者和强于整合的组织者。三年培养周期内，将参与集团主导的12-13次培训，7次评估，业务和人力双导师护航，适时轮岗提升，直至达成目标。1年成长为主管，2-4年成长为中层经理，5年成长为总监。三、薪酬福利行业极具竞争力的薪资，完善的福利保障待遇，享受养老、失业、生育、工伤、医疗等社会保险及住房公积金，办理人事档案、党组织关系接收手续，享受饭费补助、话费补助、住房补助等多项福利补贴。根据岗位级别的不同，还可享受：福利购房、福利购车、投资参股、学历式深造、外出学习考察等政策。                       
市场营销助理,香港新依和—天津分公司,区域销售专员/助理,天津-河西区,3人,2018-08-18, 岗位职责：1 协助市场主管制定企业市场营销计划，营销政策，及市场发展战略，为重大营销决策提供建议和信息支持；2 在市场主管指导下协助维护已有市场开发渠道；3 编制与销售直接相关的广告宣传计划；4 根据公司发展战略对目标市场进行选择与研究，组织编制市场开发计划等；5 完成主管交代的其他日常工作。任职要求：1 专科及以上学历，市场营销及相关专业毕业；2 具有优秀资源整合能力和市场敏感度；3 了解本行业市场动向，市场环境分析，整合营销策划的能力；4 具有较好的组织协调能力，销售数据分析能力，和独立解决问题能力；5 具有良好的沟通技巧和团队建设能力，有较强的公关能力，应变能力，谈判能力。福利待遇：1.无责任底薪+奖金+高提成+免费培训+免费住宿+晋升空间=平均每月2000-4000元(你的能力决定了你的工资，达到经理级别年薪30-50万)；2.团队销售，如有出差公司提供报销；3.免费提供员工住宿，办理五险；4.提供定期培训，坚持一流的培训；5.提拔晋升空间大，为员工提供良好的职业发展平台（公司坚信基层做起，在内部提拔）。培训晋升制度市场营销助理-业务主管—业务高级主管—准副理-副理-经理联系地址：天津市河西区挂甲寺街道大沽南路857号国华大厦2008室（大沽南路与围堤街交叉口）乘车路线：乘坐地铁一号线到南楼站下车，公交车858路，677路，963路到南楼站下车集团官网：www.newyiho.com工作地址：天津市河西区挂甲寺街道大沽南路857号国华大厦2008室                       
业务支撑岗,广东联通—广州市分公司,通信技术工程师,广州,10人,2018-08-18, 职位描述:1、负责行业解决方案咨询服务、售前技术支持，完成解决方案的设计及优化，为客户进行方案宣讲、技术交流和产品演示等相关工作； 2、负责收集、分析并及时反馈所负责的行业客户的产品解决方案，协助行业经理有效调度各级共享资源，有效支撑销售工作。任职要求:1、2019年全日制本科及以上学历应届大学毕业生；2、通信工程、信息工程、光纤通信、电子信息、无线通信、无线电、自动化工程、电气工程、计算机等相关专业；3、专业基础扎实，综合成绩在专业或班级排名前30%；4、具有较强的进取心和责任感，具备良好的逻辑思维、问题分析、沟通表达和团队协作能力。                       
运维工程师,南京领添—南京总部,其他,南京-雨花台区,4人,2018-08-18, 岗位职责：  1）、负责公司各业务产品测试、生产环境的搭建部署及代码上线等工作；  2）、负责公司各业务产品基础和业务监控及定期巡检工作；  3）、负责公司各业务产品应急响应、故障排查等工作；  4）、完成领导部署的各项工作。任职资格：  1）、2019年毕业，本科及以上学历，计算机相关专业，或非计算机相关专业（但业余自修过计算机专业的所有必修课），英语四级及以上；  2）、熟悉linux操作系统，可以进行基础命令操作，会使用shell或者python编写脚本；  3）、了解互联网电商架构;  4）、熟悉TCP/IP等协议、具备WAN、LAN网络架设基础知识，并能对简单的网络故障进行定位分析；  5）、具有踏实的工作心态、良好的沟通能力和团队协作能力。                       
精密仪器,中船重工—河北汉光重工有限责任公司,科研人员,邯郸-丛台区,5人,2018-08-18, 从事对精密仪器科研开发工作。一、待遇：工资=基本工资+奖金+补贴+安家费1.博士研究生基本工资20000元/月，给予安家费72万元（按具体协议执行）2.硕士研究生基本工资12000元/月，给予安家费72万元（按具体协议执行）3.各类补贴月均1200元左右4.技术项目经理奖每月1500～2000元/月5.技术项目结项奖课题组2～20万元奖励6.年终奖根据年度工作情况综合考核奖励二、缴纳五险一金三、劳动合同签订期限  首次签订劳动合同1年，期满考核合格后，开始按6000元/月发放安家费，并签订无固定期限劳动合同。四、食宿条件1.提供单身宿舍：夏有空调，冬有暖气，独立卫生间2.职工餐厅：环境宽敞、明亮、干净、卫生联系人：李淑周    0310-7208707    13180531650        胡圣洁    0310-7208715    18232086055地址：河北省邯郸市经济技术开发区（东区）和谐大街8号联系邮箱：864937941@qq.com                       
隆基泰和·和心力管培生（财务管理类）,隆基泰和集团—隆基泰和集团有限公司,财务助理,河北省,若干,2018-08-18, 一、职位简介“和心力”管培生是隆基泰和集团统一推行，致力于招募和培养总部和事业部核心管理者的校园招聘项目。隆基泰和希望同一群高知高能高潜的“和心力”为伴，为其提供一个长期的事业发展平台，使其发展为企业中高层核心管理者。招聘面向优秀高校的应届本科生、硕士研究生和博士研究生。招聘专业：会计、财务管理等。二、培训与发展我们坚持从最优秀的高校招聘未来的中高层核心管理人才，其目标是将毕业生培养成精通业务的管理者，擅于创新的变革者和强于整合的组织者。三年培养周期内，将参与集团主导的12-13次培训，7次评估，业务和人力双导师护航，适时轮岗提升，直至达成目标。1年成长为主管，2-4年成长为中层经理，5年成长为总监。三、薪酬福利行业极具竞争力的薪资，完善的福利保障待遇，享受养老、失业、生育、工伤、医疗等社会保险及住房公积金，办理人事档案、党组织关系接收手续，享受饭费补助、话费补助、住房补助等多项福利补贴。根据岗位级别的不同，还可享受：福利购房、福利购车、投资参股、学历式深造、外出学习考察等政策。                       
计算机科学与技术,中船重工—河北汉光重工有限责任公司,科研人员,邯郸-丛台区,5人,2018-08-18, 从事计算机科学与技术科研开发工作。一、待遇：工资=基本工资+奖金+补贴+安家费1.博士研究生基本工资20000元/月，给予安家费72万元（按具体协议执行）2.硕士研究生基本工资12000元/月，给予安家费72万元（按具体协议执行）3.各类补贴月均1200元左右4.技术项目经理奖每月1500～2000元/月5.技术项目结项奖课题组2～20万元奖励6.年终奖根据年度工作情况综合考核奖励二、缴纳五险一金三、劳动合同签订期限  首次签订劳动合同1年，期满考核合格后，开始按6000元/月发放安家费，并签订无固定期限劳动合同。四、食宿条件1.提供单身宿舍：夏有空调，冬有暖气，独立卫生间2.职工餐厅：环境宽敞、明亮、干净、卫生联系人：李淑周    0310-7208707    13180531650              胡圣洁    0310-7208715    18232086055地址：河北省邯郸市经济技术开发区（东区）和谐大街8号联系邮箱：864937941@qq.com                       
电子与信息工程,中船重工—河北汉光重工有限责任公司,科研人员,邯郸-丛台区,5人,2018-08-18, 从事 电子与信息工程 科研开发工作。一、待遇：工资=基本工资+奖金+补贴+安家费1.博士研究生基本工资20000元/月，给予安家费72万元（按具体协议执行）2.硕士研究生基本工资12000元/月，给予安家费72万元（按具体协议执行）3.各类补贴月均1200元左右4.技术项目经理奖每月1500～2000元/月5.技术项目结项奖课题组2～20万元奖励6.年终奖根据年度工作情况综合考核奖励二、缴纳五险一金三、劳动合同签订期限  首次签订劳动合同1年，期满考核合格后，开始按6000元/月发放安家费，并签订无固定期限劳动合同。四、食宿条件1.提供单身宿舍：夏有空调，冬有暖气，独立卫生间2.职工餐厅：环境宽敞、明亮、干净、卫生联系人：李淑周    0310-7208707    13180531650              胡圣洁    0310-7208715    18232086055地址：河北省邯郸市经济技术开发区（东区）和谐大街8号联系邮箱：864937941@qq.com                       
新型业务运营,广东联通—广州市分公司,市场营销经理,广州,10人,2018-08-18, 职位描述:1、负责制定新型业务推广策略方案；2、负责新媒体平台活动账号管理及互动，提高粉丝数量且维持粉丝活跃度；3、负责策划并执行微博、微信、微网站营销线上及线下相关推广策划，跟踪推广效果，分析数据并反馈；4、提高公司新媒体关注度，对客户的网络行为进行分析与总结。任职要求:1、2019年全日制本科及以上学历应届大学毕业生；2、通信类、计算机类、电子商务、新闻与传播等相关专业；3、专业基础扎实，综合成绩在专业或班级排名前30%；4、具有较强的进取心和责任感，具备良好的逻辑思维、问题分析、沟通表达和团队协作能力。                       
行业产品经理,广东联通—广州市分公司,市场调研与分析,广州,40人,2018-08-18, 职位描述:1、从事产品市场调研，研究各类产品目标客户，策划业务合作模式，制订产品发展目标； 2、制订公司业务管理制度及各类产品发展规划，并整合公司各类业务，定期制作经营分析报告，提出业务资费、营销方案等建议； 3、重大客户的拓展，核心客户的客情关系维护；4、协调处理客户投诉；5、电子商务类项目的规划和研究，包括业务需求调研、可行性分析、项目申报等。任职要求:1、2019年全日制本科及以上学历应届大学毕业生；2、通信、计算机、市场营销等相关专业；3、专业基础扎实，综合成绩在专业或班级排名前30%；4、具有较强的进取心和责任感，具备良好的逻辑思维、问题分析、沟通表达和团队协作能力。                       
会计、财务管理,中船重工—河北汉光重工有限责任公司,会计/会计师,邯郸-丛台区,2人,2018-08-18, 从事会计、财务管理工作。一、待遇：工资=基本工资+奖金+补贴+安家费1.博士研究生基本工资20000元/月，给予安家费72万元（按具体协议执行）2.硕士研究生基本工资12000元/月，给予安家费72万元（按具体协议执行）3.各类补贴月均1200元左右4.技术项目经理奖每月1500～2000元/月5.技术项目结项奖课题组2～20万元奖励6.年终奖根据年度工作情况综合考核奖励二、缴纳五险一金三、劳动合同签订期限  首次签订劳动合同1年，期满考核合格后，开始按6000元/月发放安家费，并签订无固定期限劳动合同。四、食宿条件1.提供单身宿舍：夏有空调，冬有暖气，独立卫生间2.职工餐厅：环境宽敞、明亮、干净、卫生联系人：李淑周    0310-7208707    13180531650              胡圣洁    0310-7208715    18232086055地址：河北省邯郸市经济技术开发区（东区）和谐大街8号联系邮箱：864937941@qq.com                       
创新业务运营管理岗,广东联通—韶关市分公司,互联网产品专员/助理,韶关,2人,2018-08-18, 职位描述:1、负责O2O生态项目的运营管理，规划区县O2O生态运营模式；2、负责协同各区县O2O专员对王卡驿站运营管理，线上线下接入小程序引流；3、负责全市异业连锁战略联盟合作项目推动，通过红包运营打造异业连锁生态圈；4、负责各区县O2O团队的协同管理。任职要求:1、2019年全日制本科及以上学历应届大学毕业生；2、大数据、数理统计、数据挖掘、统计分析、计算机、市场营销等相关专业；3、专业基础扎实，综合成绩在专业或班级排名前30%；4、具有较强的进取心和责任感，具备良好的逻辑思维、问题分析、沟通表达和团队协作能力。                       
营销、证券,中船重工—河北汉光重工有限责任公司,审计专员/助理,邯郸-丛台区,2人,2018-08-18, 从事营销、证券相关管理工作。一、待遇：工资=基本工资+奖金+补贴+安家费1.博士研究生基本工资20000元/月，给予安家费72万元（按具体协议执行）2.硕士研究生基本工资12000元/月，给予安家费72万元（按具体协议执行）3.各类补贴月均1200元左右4.技术项目经理奖每月1500～2000元/月5.技术项目结项奖课题组2～20万元奖励6.年终奖根据年度工作情况综合考核奖励二、缴纳五险一金三、劳动合同签订期限  首次签订劳动合同1年，期满考核合格后，开始按6000元/月发放安家费，并签订无固定期限劳动合同。四、食宿条件1.提供单身宿舍：夏有空调，冬有暖气，独立卫生间2.职工餐厅：环境宽敞、明亮、干净、卫生联系人：李淑周    0310-7208707    13180531650        胡圣洁    0310-7208715    18232086055地址：河北省邯郸市经济技术开发区（东区）和谐大街8号联系邮箱：864937941@qq.com                       
技术研发岗,广东联通—广州市分公司,通信技术工程师,广州,10人,2018-08-18, 职位描述:（后端开发方向）：1、负责业务系统的架构设计；2、负责业务系统后台和API的开发与测试；3、负责业务系统的数据库设计、初级数据分析、基础性能调优；4、负责开发文档编写；（前端与移动应用开发方向）：1、负责业务系统的架构设计；2、负责业务系统前端Web应用、小程序、hybrid手机应用的开发与测试；3、负责企业内业务App的开发测试工作（IOS、Android）3、负责开发文档编写；任职要求:1、2019年全日制本科及以上学历应届大学毕业生；2、大数据、物联网、云计算、互联网、计算机科学与技术、计算机技术、软件工程、网络工程、数理统计、数据挖掘、信息与计算科学、计算机开发与应用等计算机类专业。3、专业基础扎实，综合成绩在专业或班级排名前30%；4、具有进取精神和责任感，具有良好的逻辑思维、问题分析能力。                       
隆基泰和·和心力管培生（工程管理类）,隆基泰和集团—隆基泰和集团有限公司,工程监理/质量管理,河北省,若干,2018-08-18, 一、职位简介“和心力”管培生是隆基泰和集团统一推行，致力于招募和培养总部和事业部核心管理者的校园招聘项目。隆基泰和希望同一群高知高能高潜的“和心力”为伴，为其提供一个长期的事业发展平台，使其发展为企业中高层核心管理者。招聘面向优秀高校的应届本科生、硕士研究生和博士研究生。招聘专业：土木工程、工程管理等。二、培训与发展我们坚持从最优秀的高校招聘未来的中高层核心管理人才，其目标是将毕业生培养成精通业务的管理者，擅于创新的变革者和强于整合的组织者。三年培养周期内，将参与集团主导的12-13次培训，7次评估，业务和人力双导师护航，适时轮岗提升，直至达成目标。1年成长为主管，2-4年成长为中层经理，5年成长为总监。三、薪酬福利行业极具竞争力的薪资，完善的福利保障待遇，享受养老、失业、生育、工伤、医疗等社会保险及住房公积金，办理人事档案、党组织关系接收手续，享受饭费补助、话费补助、住房补助等多项福利补贴。根据岗位级别的不同，还可享受：福利购房、福利购车、投资参股、学历式深造、外出学习考察等政策。                       
配置专员-家修现场施工管理,自如网—上海自如资产管理有限公司,工程监理/质量管理,上海-徐汇区,8人,2018-08-18, 自如是谁？自如是一家提供品质居住产品与生活服务的高科技公司，成立于2011年10月18日。总部设在北京，在上海、深圳、杭州、南京、广州、成都、天津、武汉九座城市设立分公司，是中国规模最大、品类最全、客户口碑最佳的长租公寓品牌及青年居住社区。Z.E（配置专员）Ziroom Engineer 自如产品化的工程师Ziroom Engraver 自如产品的雕刻师Ziroom Examiner自如品质的检察官【岗位职责】号称自如的魔术师到底要干啥呢？1、首先当然是确定自如房屋配置方案和配置计划辣2、然后呢给公司特定供应商派工3、接着呢监管供应商的配置情况，并在后期进行实地验收4、还有在资产系统中提交配置相关信息，含户型图、房源照片及数据5、最后要按时完成客服人员分配的租务工单【岗位要求】1、统招本科及以上学历；2、较强的沟通协调能力、逻辑思维能力及服务意识；3、性格积极外向，肯坚持，有激情，可以承受一定的工作压力；【薪酬福利】1、品质生活：6-9k，六险一金、餐补、免费体检、带薪年假、联通专属福利；2、合拍伙伴：全员统招本科以上学历，平均年龄24岁，简单公平文化，花名制，无阶级；3、租房补贴：新员工入职自如后入住自如友家可以享受前三个月房租半价；4、带薪培训：师徒制、新人训、专业训、领导力培训等完善的培训体制；5、明确晋升：公开透明内部竞聘机制，入职满6个月年即有内部转岗机会；6、丰富活动：国内外旅游，特色节日活动，每月团建大餐，每月表彰会及各类不定期活动及奖励（脑洞太大，真心不知道下一场是什么）；7、健康地活：健身房、台球室、足球/篮球/台球俱乐部，各体育类活动赛事；8、Last but not the least，如果你是单身，自如与珍爱网/世纪佳缘等相亲网站合作，给你专属VIP金卡，解决终身大事！（认真脸）【培养方案】1、师徒制：入职后，会安排专属师傅带你工作，帮你解决各种难题，工作生活无压力；2、新员工培训：入职2周左右，参加新人培训，让你全面了解公司。3、进阶培训：丰富全面的专业培训，专业性和管理能力双线出发，迅速打造高级人才。【选择这里的理由】我们为您提供专业、管理两个发展方向，让您走的更高更远 ！培养A计划：量身定做发展计划，让还没有工作经验的您找到方向！专业的培训课程 ：扎实的基础为您以后的工作埋下优良种子！资深主管的工作指导和个人辅导 ：成长中的苦恼与主管分享，帮你分析并整理出解决方案，让工作变得更轻松！【发展方向】资深技能发展方向：配置专员-高级配置专员-资深配置专员管理者发展方向：配置专员-高级配置专员-配置主管-配置经理自如Open、尊重、欣赏、创新的团队文化将助你快速成长在自如，我们的事业极富创新，需要来自不同专业领域的伙伴赤诚协作，因此我们崇尚open；在自如，我们相信每一个人都是独特的，都潜力无穷，所以我们尊重彼此；在自如，我们相信工作的最大理由是追求快乐，因此我们欣赏团队和自己的每一点进步；在自如，我们努力成为一支善思考、能执行、高绩效的快乐工作团队。加入我们一起创享生活！【加入自如】联系人：上海自如招聘微信：ziroommolly（添加微信备注姓名+智联校招+应聘岗位）官网：http://www.ziroom.com/信仰生活的人终将与自如相遇                       
财务岗,广东联通—广州市分公司,财务助理,广州,5人,2018-08-18," 职位描述:1、财务预算管理、核算管理、税务管理、财务档案管理等工作；2、负责各类财务报表/报告的编制工作。任职要求:1、2019届应届全日制硕士研究生学历。2、所学专业为：财务管理、会计、工商管理、税法、审计、统计等相关专业。3、掌握国家有关财经方面政策法规，掌握财务会计、成本会计、管理会计、财务管理等理论知识。熟练掌握WORD,EXCEL，PPT等办公软件使用方法，掌握基本数据统计分析方法。4、有较强的进取心、开拓意识，良好的沟通表达能力和团队协作意识。 5、身体健康，品行端正，无不良行为记录，具备良好的心理素质和身体素质，能够承受较大工作压力。                       "
隆基泰和·和心力管培生（文旅运营类）,隆基泰和集团—隆基泰和集团有限公司,新媒体运营,河北省,若干,2018-08-18, 一、职位简介“和心力”管培生是隆基泰和集团统一推行，致力于招募和培养总部和事业部核心管理者的校园招聘项目。隆基泰和希望同一群高知高能高潜的“和心力”为伴，为其提供一个长期的事业发展平台，使其发展为企业中高层核心管理者。招聘面向优秀高校的应届本科生、硕士研究生和博士研究生。招聘专业：旅游管理等。二、培训与发展我们坚持从最优秀的高校招聘未来的中高层核心管理人才，其目标是将毕业生培养成精通业务的管理者，擅于创新的变革者和强于整合的组织者。三年培养周期内，将参与集团主导的12-13次培训，7次评估，业务和人力双导师护航，适时轮岗提升，直至达成目标。1年成长为主管，2-4年成长为中层经理，5年成长为总监。三、薪酬福利行业极具竞争力的薪资，完善的福利保障待遇，享受养老、失业、生育、工伤、医疗等社会保险及住房公积金，办理人事档案、党组织关系接收手续，享受饭费补助、话费补助、住房补助等多项福利补贴。根据岗位级别的不同，还可享受：福利购房、福利购车、投资参股、学历式深造、外出学习考察等政策。                       
隆基泰和·和心力管培生（法务合规类）,隆基泰和集团—隆基泰和集团有限公司,法务专员/助理,河北省,若干,2018-08-18, 一、职位简介“和心力”管培生是隆基泰和集团统一推行，致力于招募和培养总部和事业部核心管理者的校园招聘项目。隆基泰和希望同一群高知高能高潜的“和心力”为伴，为其提供一个长期的事业发展平台，使其发展为企业中高层核心管理者。招聘面向优秀高校的应届本科生、硕士研究生和博士研究生。招聘专业：法学。二、培训与发展我们坚持从最优秀的高校招聘未来的中高层核心管理人才，其目标是将毕业生培养成精通业务的管理者，擅于创新的变革者和强于整合的组织者。三年培养周期内，将参与集团主导的12-13次培训，7次评估，业务和人力双导师护航，适时轮岗提升，直至达成目标。1年成长为主管，2-4年成长为中层经理，5年成长为总监。三、薪酬福利行业极具竞争力的薪资，完善的福利保障待遇，享受养老、失业、生育、工伤、医疗等社会保险及住房公积金，办理人事档案、党组织关系接收手续，享受饭费补助、话费补助、住房补助等多项福利补贴。根据岗位级别的不同，还可享受：福利购房、福利购车、投资参股、学历式深造、外出学习考察等政策。                       
文案策划,秋季双选会—深圳市开心互娱网络有限公司,文案策划,深圳-南山区,2人,2018-08-18, 岗位职责：1、负责公司产品、品牌宣传等相关内容的文案撰写及传播；2、负责公司站内、外软文的内容输出；3、结合行业新闻热点或配合公司相关活动，独立策划及撰写相关媒体传播主题及文案，如新闻稿、徽信、徽博、论坛帖等；4、负责搜集项目或产品所涉及的各类资料，包括广告、文案的搜集，并建立资料库；5、负责自媒体平台、推广平台内容的撰写及更新（如：今日头条、百家号、东方号、百度、搜狗、徽信等）；6、随时了解网络及流行动态，对热搜的关键词有一定的敏感，整理与公司产品相关的文案及素材，在需要进行策划时能灵活运用。任职要求：1、必须要有文案编辑策划经验，有独立完成微信微博公众号编辑策划成功者；2、具有较强的语言组织能力和营销文案撰写能力，能独立完成选题的策划、编辑、修改、校对等工作；3、有个人独立见解、想法，喜欢并乐于接受新鲜事物，头脑灵活，沟通能力强；4、了解互联网及各类推广方式，能够熟练撰写发布各类稿件。                       
自如管家Z.O,自如网—上海自如资产管理有限公司,储备干部,上海-徐汇区,8人,2018-08-18, 【我们是谁】自如是国内领先的提供高品质的居住产品与服务的互联网O2O品牌，旗下拥有自如友家、自如整租、自如豪宅、自如寓、自如驿、自如民宿、自如服务、自如优品八大产品线，目前已遍布北京、上海、深圳、杭州、南京、广州、武汉、成都、天津9座城市，拥有累计自如客120万，员工超7000，成为中国公寓行业第一品牌，未来将极速奔跑跻身全球资产管理公司前十。?2018年1月，自如完成40亿元A轮融资，由华平投资、红杉资本中国基金、腾讯领投。该融资金额成为截至目前中国长租公寓行业最高单次融资额。【自如管家Z.O（Ziroom Organizer）是谁？】Z.O是资产守护者：为业主打理资产，是业主值得信赖的资产管理者；Z.O是自如客的朋友：为自如客提供高品质互联网自如生活社区；Z.O是自如生活的营造者：创造全世界最大的高品质互联网自如生活社区。【我们需要你负责】1、根据APP端和电话端来电的客户需求，提供房源推荐、带客户看房、回答用户咨询、合同条款解释、协助客户签约；2、为签约入住的自如客，提供租期内关系维护、电话回访、咨询受理、客户关怀等日常租务；3、根据公司培训安排，完成相应培训并熟悉使用各种系统、流程及标准作业规范。【只要你是】1、统招本科以上学历，专业不限；2、沟通表达流畅，有一定的服务意识和抗压能力。3、对营销和销售充满兴趣、乐于应对挑战、目标导向、享受成功；4、良好的解决问题的能力和客户管理能力，以及良好的服务意识和创新意识。【你将获得】1、3000无责底薪+浮动绩效（1000-1500）+业绩提成+季度绩效（3000），均薪（8000~10000），优秀管家月薪可达15000左右；2、餐补+六险一金（补充医疗、意外伤害）；3、入职后首次入住自如友家可享受前三个月房租半价；4、带薪年假、节日礼物、年度免费体检、国内及出境游；5、每月业务激励：ipad、iphone、现金奖励等拿不停6、公寓行业全方位培训：带薪培训、一对一师徒培养制度，每一个管家都是我们的重点培养对象。7、接受实习生，有两个月答辩假，可开实习证明  工作地点根据个人住址和业务需求就近安排【交出你的简历，我们还是朋友！加入我们一起创享自如~】联系人：上海自如招聘微信：ziroommolly（微信联系备注姓名+智联校招+应聘岗位）官网：http://www.ziroom.com/信仰生活的人终将与自如相遇                       
信号处理研发工程师,中船重工—中国船舶重工集团公司第七二三研究所,电子技术研发工程师,扬州-邗江区,若干,2018-08-18, 【信号处理研发工程师岗位职责】1、承担系统硬件方案的制定，并运用具体编程语言对其进行工程实现。；2、负责硬件模块的开发、调试与测试工作；3、解决算法开发过程中遇到的具体技术难点与问题；4、编写及整理硬件设计文档、测试文档及其他相关文档。【招聘要求】1、精通FPGA、DSP等嵌入式硬件原理设计；2、通信、电子、计算机类相关专业毕业；3、有FPGA硬件开发使用经验，了解ADI公司、TI公司的信号处理芯片；4、理解嵌入式系统基础原理，熟悉常用的数据传输协议，熟练使用各种硬件调试工具。                       
隆基泰和·和心力管培生(投资拓展类),隆基泰和集团—隆基泰和集团有限公司,业务拓展专员/助理,河北省,若干,2018-08-18, 一、职位简介“和心力”管培生是隆基泰和集团统一推行，致力于招募和培养总部和事业部核心管理者的校园招聘项目。隆基泰和希望同一群高知高能高潜的“和心力”为伴，为其提供一个长期的事业发展平台，使其发展为企业中高层核心管理者。招聘面向优秀高校的应届本科生、硕士研究生和博士研究生。招聘专业：土地资源管理、城乡规划、经济学等。二、培训与发展我们坚持从最优秀的高校招聘未来的中高层核心管理人才，其目标是将毕业生培养成精通业务的管理者，擅于创新的变革者和强于整合的组织者。三年培养周期内，将参与集团主导的12-13次培训，7次评估，业务和人力双导师护航，适时轮岗提升，直至达成目标。1年成长为主管，2-4年成长为中层经理，5年成长为总监。三、薪酬福利行业极具竞争力的薪资，完善的福利保障待遇，享受养老、失业、生育、工伤、医疗等社会保险及住房公积金，办理人事档案、党组织关系接收手续，享受饭费补助、话费补助、住房补助等多项福利补贴。根据岗位级别的不同，还可享受：福利购房、福利购车、投资参股、学历式深造、外出学习考察等政策。                       
射频研发工程师,中船重工—中国船舶重工集团公司第七二三研究所,电子技术研发工程师,扬州-邗江区,若干,2018-08-18, 【射频天线工程师岗位职责】1、负责微波/毫米波天线和天线阵列设计，并组织完成系统试验验证；2、负责系统单机指标论证、方案设计与产品详细设计，并完成天馈系统、射频前端、收发信道等设备指标的分解；3、负责部组件选型、硬件电路设计、PCB设计、出图投产等工作；4、负责协调天线、转发器、射频前端等产品生产，开展产品调试、测试、验收及文件编写等工作。【招聘要求】1、电磁场与微波技术、电子信息工程或通信工程等相关专业毕业；2、掌握一定的天线理论、电磁场微波理论，熟悉天线的工作原理和天线指标；对高频电路设计/微波/电磁场微波等有较深了解，有微带阵列天线设计经验者优先。3、熟练使用ADS、Ansoft-HFSS、Altium Designer等设计软件；4、熟悉频谱仪、信号源、矢网等仪器的操作使用。                       
WEB前端,南京领添—南京总部,WEB前端开发,南京-雨花台区,6人,2018-08-18," 职位描述：1)、与产品经理、交互设计师以及后台开发人员协作；2)、负责项目页面编码、样式、程序嵌套、静态交互效果展示、浏览器兼容等相关工作；3)、对完成的页面进行维护和对网站前端性能做相应的优化；4)、积极维护公用组件库，分享自己的开发经验；5)、熟悉当前互联网的各种流行应用，在交互开发、用户体验等方面有自己的见解，能主动根据业务需要，提出合理的交互方案。任职资格：1)、2019年毕业，本科及以上学历，计算机相关专业，或非计算机相关专业（但业余自修过计算机专业的所有必修课），英语四级及以上；2)、熟练掌握 Javascript，CSS ， 了解 Node.js 相关的技术，熟悉 RESTful API 的设计，熟悉 Git, Markdown 能够科学上网 遵守规范，有团队合作精神；3)、具有踏实的工作心态、良好的沟通能力和团队协作能力。                       "
新媒体运营专员,秋季双选会—深圳市开心互娱网络有限公司,新媒体运营,深圳-南山区,2人,2018-08-18, 岗位职责：1、负责运营公司的所有粉丝号；2、根据产品特点，以各种创新方式与粉丝发生互动，激发用户参与度；3、参与负责各项方案提高粉丝数、活跃度和付费率，留存率以及其他核心指标；4、充分了解用户需求，收集用户反馈，分析用户行为及需求；5、紧跟微信发展趋势，广泛关注标杆性公众号，积极探索微信运营模式。任职要求：1、传播学相关专业优先；形象气质佳；2、对粉丝经济有浓厚兴趣；3、擅长研究用户及消费者心理；4、具备很强的发现问题能力和推动解决问题的能力；5、执行力强，关注结果，尽责进取，善于分享和沟通。                       
线下活动策划,秋季双选会—深圳市开心互娱网络有限公司,活动策划,深圳-南山区,2人,2018-08-18, 岗位职责：1、独立完成线下游戏、活动创意项目，策划与撰写；2、协助细化活动执行流程、负责活动场地的预定、布置、活动用品的采购与管理；3、负责活动执行，协调控制活动计划与进程。任职要求：1、学历不限，在校期间有线下游戏、活动聚会策划经验者优先考虑；2、我们需要你脑洞大开、思维新潮、富有创意；3、对线下活动策划特别感兴趣、点子多、喜欢参与各类活动、有号召力；4、具备一定的文案策划能力，较强的线下执行能力；5、有能力评估整个活动的费用预算、预期效果、现场调度；6、工作认真仔细，有责任感，能承受压力。                       
隆基泰和·和心力管培生（成本管理类）,隆基泰和集团—隆基泰和集团有限公司,工程造价/预结算,河北省,若干,2018-08-18, 一、职位简介“和心力”管培生是隆基泰和集团统一推行，致力于招募和培养总部和事业部核心管理者的校园招聘项目。隆基泰和希望同一群高知高能高潜的“和心力”为伴，为其提供一个长期的事业发展平台，使其发展为企业中高层核心管理者。招聘面向优秀高校的应届本科生、硕士研究生和博士研究生。招聘专业：工程造价、工程管理等。二、培训与发展我们坚持从最优秀的高校招聘未来的中高层核心管理人才，其目标是将毕业生培养成精通业务的管理者，擅于创新的变革者和强于整合的组织者。三年培养周期内，将参与集团主导的12-13次培训，7次评估，业务和人力双导师护航，适时轮岗提升，直至达成目标。1年成长为主管，2-4年成长为中层经理，5年成长为总监。三、薪酬福利行业极具竞争力的薪资，完善的福利保障待遇，享受养老、失业、生育、工伤、医疗等社会保险及住房公积金，办理人事档案、党组织关系接收手续，享受饭费补助、话费补助、住房补助等多项福利补贴。根据岗位级别的不同，还可享受：福利购房、福利购车、投资参股、学历式深造、外出学习考察等政策。                       
财务岗,广东联通—梅州市分公司,其他,梅州,若干,2018-08-18," 职位描述:负责工程项目财务核算和管理，负责资产运营与管理，负责网运成本使用管理及价值管理。任职要求:1、2019届应届全日制硕士研究生学历。2、所学专业为：财务管理、会计、工商管理、税法、审计、统计等相关专业。3、掌握国家有关财经方面政策法规，掌握财务会计、成本会计、管理会计、财务管理等理论知识。熟练掌握WORD,EXCEL，PPT等办公软件使用方法，掌握基本数据统计分析方法。4、有较强的进取心、开拓意识，良好的沟通表达能力和团队协作意识。 5、身体健康，品行端正，无不良行为记录，具备良好的心理素质和身体素质，能够承受较大工作压力。                       "
隆基泰和·和心力管培生（计划运营类）,隆基泰和集团—隆基泰和集团有限公司,市场策划/企划专员/助理,河北省,若干,2018-08-18, 一、职位简介“和心力”管培生是隆基泰和集团统一推行，致力于招募和培养总部和事业部核心管理者的校园招聘项目。隆基泰和希望同一群高知高能高潜的“和心力”为伴，为其提供一个长期的事业发展平台，使其发展为企业中高层核心管理者。招聘面向优秀高校的应届本科生、硕士研究生和博士研究生。招聘专业：工商管理、房地产经营与管理、统计学等。二、培训与发展我们坚持从最优秀的高校招聘未来的中高层核心管理人才，其目标是将毕业生培养成精通业务的管理者，擅于创新的变革者和强于整合的组织者。三年培养周期内，将参与集团主导的12-13次培训，7次评估，业务和人力双导师护航，适时轮岗提升，直至达成目标。1年成长为主管，2-4年成长为中层经理，5年成长为总监。三、薪酬福利行业极具竞争力的薪资，完善的福利保障待遇，享受养老、失业、生育、工伤、医疗等社会保险及住房公积金，办理人事档案、党组织关系接收手续，享受饭费补助、话费补助、住房补助等多项福利补贴。根据岗位级别的不同，还可享受：福利购房、福利购车、投资参股、学历式深造、外出学习考察等政策。                       
导航制导与控制,中船重工—河北汉光重工有限责任公司,科研人员,邯郸-丛台区,5人,2018-08-18, 从事 导航制导与控制科研开发工作。一、待遇：工资=基本工资+奖金+补贴+安家费1.博士研究生基本工资20000元/月，给予安家费72万元（按具体协议执行）2.硕士研究生基本工资12000元/月，给予安家费72万元（按具体协议执行）3.各类补贴月均1200元左右4.技术项目经理奖每月1500～2000元/月5.技术项目结项奖课题组2～20万元奖励6.年终奖根据年度工作情况综合考核奖励二、缴纳五险一金三、劳动合同签订期限  首次签订劳动合同1年，期满考核合格后，开始按6000元/月发放安家费，并签订无固定期限劳动合同。四、食宿条件1.提供单身宿舍：夏有空调，冬有暖气，独立卫生间2.职工餐厅：环境宽敞、明亮、干净、卫生联系人：李淑周    0310-7208707    13180531650        胡圣洁    0310-7208715    18232086055地址：河北省邯郸市经济技术开发区（东区）和谐大街8号联系邮箱：864937941@qq.com                       
软件工程师,中船重工—中国船舶重工集团公司第七二三研究所,软件工程师,扬州-邗江区,若干,2018-08-18, 【软件工程师岗位职责】1、根据项目具体要求，承担开发任务，按计划完成任务目标；2、完成软件系统及模块的需求调研和需求分析；3、完成系统及模块的设计；4、协助测试人员完成软件系统及模块的测试；5、负责编制与项目相关的文档；【招聘要求】1、熟悉C/C++及windows平台软件的开发，有较强的代码阅读和分析能力；2、具有多个平台的编程经验；3、熟悉从客户端到服务端的开发、TCP/IP协议；4、擅于编写用户界面及控件。                       
网络优化与维护岗,广东联通—梅州市分公司,通信技术工程师,梅州,5人,2018-08-18, 职位描述:1、为5G网络的研发和部署提供技术支持，并对网络进行实时监控，负责通信网络中核心设备、数据设备、传输设备的操作维护工作，确保网络设备正常运行；2、负责云计算平台的优化和配置，确保机房的高效和稳定运行，对CDN、CACHE等内容侧负荷等运行情况进行分析；3、为网络资源进行分析和优化，确保专业网络的高效运行，开展网络维护信息化手段建设和维护，推进网络管理信息化。任职要求:1、2019年全日制本科及以上学历应届大学毕业生；2、通信工程、信息工程、光纤通信、电子信息、无线通信、无线电、自动化工程、电气工程等通信类专业；3、专业基础扎实，综合成绩在专业或班级排名前30%；4、具有进取精神和责任感，具有良好的逻辑思维、问题分析能力。                       
软件研发岗,广东联通—韶关市分公司,通信技术工程师,韶关,2人,2018-08-18, 职位描述:1、负责本地自建系统的更新及维护2、负责各部门系统需求(含手机APP应用)的开发3、协助产业互联网进行ICT软件类合作项目的项目管理或开发4、协助数据支撑岗完成各部门临时数据需求提取及固定的报表开发任职要求:1、2019年全日制本科及以上学历应届大学毕业生；2、大数据、物联网、云计算、互联网、计算机科学与技术、计算机技术、软件工程、网络工程、数理统计、数据挖掘、信息与计算科学、计算机开发与应用等计算机类专业。3、专业基础扎实，综合成绩在专业或班级排名前30%；4、具有进取精神和责任感，具有良好的逻辑思维、问题分析能力。                       
行业产品经理,广东联通—韶关市分公司,通信技术工程师,韶关,2人,2018-08-18, 职位描述:1、负责对外竞争情报收集及竞争策略研究，统筹全业务客户资料，进行市场调查及客户研究，并结合竞争研究，制定业务发展规划及业务管理；1、负责产品业务规范、业务管理、业务流程和服务规范的制定和组织实施，对于产品及营销政策引起的用户投诉，负责跟踪和解决；2、每月制作产品发展台账，实时监控收入完成情况；3、全局把控整体全业务产品等相关业务内容;4、根据公司整体营销规划负责制定上网卡产品全年营销营销规划和资源规划，满足业务发展需求；5、负责制定产品佣金政策任职要求:1、2019年全日制本科及以上学历应届大学毕业生；2、通信、计算机、市场营销等相关专业；3、专业基础扎实，综合成绩在专业或班级排名前30%；4、具有较强的进取心和责任感，具备良好的逻辑思维、问题分析、沟通表达和团队协作能力。                       
电子商务运营管理岗,广东联通—韶关市分公司,电子商务专员/助理,韶关,2人,2018-08-18, 职位描述:1、负责淘宝天猫网厅上号码资源号卡资源等支撑工作，以及配合省公司活动的宣传预热宣传；2、协助各部门处理互联网平台、电子商务平台上的工作，以及客服投诉工单中电子商务类的工作；3、负责新建省级互联网社会渠道、网点设置、工号和号码、白卡申请，互联网社会渠道开户权限、业务办理权限服务支撑，配合省级互联网渠道业务推广工作；4、全市手厅、网盟的本地运营及推进、投诉支撑等工作。任职要求:1、2019年全日制本科及以上学历应届大学毕业生；2、大数据、数理统计、数据挖掘、统计分析、计算机、市场营销等相关专业；3、专业基础扎实，综合成绩在专业或班级排名前30%；4、具有较强的进取心和责任感，具备良好的逻辑思维、问题分析、沟通表达和团队协作能力。                       
电气工程,中船重工—河北汉光重工有限责任公司,科研人员,邯郸-丛台区,5人,2018-08-18, 从事电气工程科研开发工作。一、待遇：工资=基本工资+奖金+补贴+安家费1.博士研究生基本工资20000元/月，给予安家费72万元（按具体协议执行）2.硕士研究生基本工资12000元/月，给予安家费72万元（按具体协议执行）3.各类补贴月均1200元左右4.技术项目经理奖每月1500～2000元/月5.技术项目结项奖课题组2～20万元奖励6.年终奖根据年度工作情况综合考核奖励二、缴纳五险一金三、劳动合同签订期限  首次签订劳动合同1年，期满考核合格后，开始按6000元/月发放安家费，并签订无固定期限劳动合同。四、食宿条件1.提供单身宿舍：夏有空调，冬有暖气，独立卫生间2.职工餐厅：环境宽敞、明亮、干净、卫生联系人：李淑周    0310-7208707    13180531650        胡圣洁    0310-7208715    18232086055地址：河北省邯郸市经济技术开发区（东区）和谐大街8号联系邮箱：864937941@qq.com                       
大数据支撑岗,广东联通—韶关市分公司,通信技术工程师,韶关,2人,2018-08-18, 职位描述:1、负责大数据挖掘、用户流失预警模型构建、用户行为分类研究和应用；2、负责用户真实性洞察及用户质量管控；3、负责基于用户行为的分群分类产品研究设计；4、负责客户数据指标监控;任职要求:1、2019年全日制本科及以上学历应届大学毕业生；2、通信工程、信息工程、光纤通信、电子信息、无线通信、无线电、自动化工程、电气工程、计算机等相关专业；3、专业基础扎实，综合成绩在专业或班级排名前30%；4、具有较强的进取心和责任感，具备良好的逻辑思维、问题分析、沟通表达和团队协作能力。                       
隆基泰和·和心力管培生（人力资源类）,隆基泰和集团—隆基泰和集团有限公司,人力资源专员/助理,河北省,若干,2018-08-18, 一、职位简介“和心力”管培生是隆基泰和集团统一推行，致力于招募和培养总部和事业部核心管理者的校园招聘项目。隆基泰和希望同一群高知高能高潜的“和心力”为伴，为其提供一个长期的事业发展平台，使其发展为企业中高层核心管理者。招聘面向优秀高校的应届本科生、硕士研究生和博士研究生。招聘专业：人力资源管理、工商管理等。二、培训与发展我们坚持从最优秀的高校招聘未来的中高层核心管理人才，其目标是将毕业生培养成精通业务的管理者，擅于创新的变革者和强于整合的组织者。三年培养周期内，将参与集团主导的12-13次培训，7次评估，业务和人力双导师护航，适时轮岗提升，直至达成目标。1年成长为主管，2-4年成长为中层经理，5年成长为总监。三、薪酬福利行业极具竞争力的薪资，完善的福利保障待遇，享受养老、失业、生育、工伤、医疗等社会保险及住房公积金，办理人事档案、党组织关系接收手续，享受饭费补助、话费补助、住房补助等多项福利补贴。根据岗位级别的不同，还可享受：福利购房、福利购车、投资参股、学历式深造、外出学习考察等政策。                       
网络优化与维护岗,广东联通—广州市分公司,通信技术工程师,广州,80人,2018-08-18, 职位描述:1、为5G网络的研发和部署提供技术支持，并对网络进行实时监控，负责通信网络中核心设备、数据设备、传输设备的操作维护工作，确保网络设备正常运行；2、负责云计算平台的优化和配置，确保机房的高效和稳定运行，对CDN、CACHE等内容侧负荷等运行情况进行分析；3、为网络资源进行分析和优化，确保专业网络的高效运行，开展网络维护信息化手段建设和维护，推进网络管理信息化。任职要求:1、2019年全日制本科及以上学历应届大学毕业生；2、通信工程、信息工程、光纤通信、电子信息、无线通信、无线电、自动化工程、电气工程等通信类专业；3、专业基础扎实，综合成绩在专业或班级排名前30%；4、具有进取精神和责任感，具有良好的逻辑思维、问题分析能力。                       
网络优化与维护岗,广东联通—韶关市分公司,通信技术工程师,韶关,2人,2018-08-18, 职位描述:1、为5G网络的研发和部署提供技术支持，并对网络进行实时监控，负责通信网络中核心设备、数据设备、传输设备的操作维护工作，确保网络设备正常运行；2、负责云计算平台的优化和配置，确保机房的高效和稳定运行，对CDN、CACHE等内容侧负荷等运行情况进行分析；3、为网络资源进行分析和优化，确保专业网络的高效运行，开展网络维护信息化手段建设和维护，推进网络管理信息化。任职要求:1、2019年全日制本科及以上学历应届大学毕业生；2、通信工程、信息工程、光纤通信、电子信息、无线通信、无线电、自动化工程、电气工程等通信类专业；3、专业基础扎实，综合成绩在专业或班级排名前30%；4、具有进取精神和责任感，具有良好的逻辑思维、问题分析能力。                       
隆基泰和·和心力管培生（技术研发类）,隆基泰和集团—隆基泰和集团有限公司,土木/土建/结构工程师,河北省,若干,2018-08-18, 一、职位简介“和心力”管培生是隆基泰和集团统一推行，致力于招募和培养总部和事业部核心管理者的校园招聘项目。隆基泰和希望同一群高知高能高潜的“和心力”为伴，为其提供一个长期的事业发展平台，使其发展为企业中高层核心管理者。招聘面向优秀高校的应届本科生、硕士研究生和博士研究生。招聘专业：结构工程、土木工程等。二、培训与发展我们坚持从最优秀的高校招聘未来的中高层核心管理人才，其目标是将毕业生培养成精通业务的管理者，擅于创新的变革者和强于整合的组织者。三年培养周期内，将参与集团主导的12-13次培训，7次评估，业务和人力双导师护航，适时轮岗提升，直至达成目标。1年成长为主管，2-4年成长为中层经理，5年成长为总监。三、薪酬福利行业极具竞争力的薪资，完善的福利保障待遇，享受养老、失业、生育、工伤、医疗等社会保险及住房公积金，办理人事档案、党组织关系接收手续，享受饭费补助、话费补助、住房补助等多项福利补贴。根据岗位级别的不同，还可享受：福利购房、福利购车、投资参股、学历式深造、外出学习考察等政策。                       
经营分析岗,广东联通—梅州市分公司,产品运营,梅州,若干,2018-08-18, 职位描述:1、负责编制预算、收入稽核、价值管理、经营分析和经营报表等工作2、负责云业务、物联网、互联网产品的运营、管理和营销推进任职要求:1、2019年全日制本科及以上学历应届大学毕业生；2、大数据、数理统计、数据挖掘、统计分析、计算机、市场营销等相关专业；3、专业基础扎实，综合成绩在专业或班级排名前30%；4、具有较强的进取心和责任感，具备良好的逻辑思维、问题分析、沟通表达和团队协作能力。                       
新型业务运营,广东联通—韶关市分公司,市场营销专员/助理,韶关,2人,2018-08-18," 职位描述:1、负责制定全业务品牌宣传的策划、执行、实施规范，并监督、指导一线部门执行,负责全市广告宣传费的预算、分配及管理； 2、负责策划、实施阶段性的产品宣传品物料以及预付费套包包装设计、需求统计、制作、分配等，保障各业务的宣传推广资源,并提前下发广告宣传方案和指引;3、负责渠道网点专营店VI规范；4、负责公司品牌宣传管理，牵头全市各广告宣传、大型户外广告、大型户外活动的审核及牵头工作；5、负责对口公司内部宣传，线条及基层单元做好宣传的相关工作。6、配合省公司对全省性品牌宣传动作进行推进落地；1、按省公司要求部署宣传发布（包括短信、线上）；8、根据其他部门的广告需求制作相应的物料。9、配合各种活动做相应的线上宣传；任职要求:1、2019年全日制本科及以上学历应届大学毕业生；2、通信类、计算机类、电子商务、新闻与传播等相关专业；3、专业基础扎实，综合成绩在专业或班级排名前30%；4、具有较强的进取心和责任感，具备良好的逻辑思维、问题分析、沟通表达和团队协作能力。                       "
大数据算法工程师,南京领添—南京总部,算法工程师,南京-雨花台区,5人,2018-08-18, 岗位职责:1)、负责电商推荐中的召回算法、排序算法、多样性策略、机器学习平台的开发优化；2)、负责用户画像的精准化优化、关键指标的分析以及对算法进行评测、分析与改进；3)、负责NLP相关项目，如情感检测；4)、负责图像识别、目标检测、目标分割及图像检索相关项目；5)、结合业务具体问题，研究机器学习和深度学习领域的前沿技术，提出解决方案并实现；6)、根据项目需求，负责设计部署深度学习算法数据处理、训练、推理过程的系统架构。任职资格:1)、2019年毕业，硕士及以上学历，计算机相关专业；2)、有扎实的编程能力，熟悉至少一项C++/Java/Python等语言；3)、热爱计算机科学和互联网技术，对人工智能类产品有浓厚兴趣；4)、具有较强的代码能力，熟悉Linux开发环境，熟悉 C++ 和 Python 语言优先；5)、优秀的分析问题和解决问题的能力，对解决具有挑战性问题充满激情。                       
,,,,,,
,,,,,,
,,,,,,
,,,,,,
,,,,,,
,,,,,,
,,,,,,
,,,,,,
,,,,,,
,,,,,,
,,,,,,
,,,,,,
,,,,,,
,,,,,,
,,,,,,
,,,,,,
,,,,,,
,,,,,,
,,,,,,
,,,,,,
,,,,,,
,,,,,,
,,,,,,
,,,,,,
,,,,,,
,,,,,,
,,,,,,
,,,,,,
,,,,,,
,,,,,,
,,,,,,
,,,,,,
,,,,,,
,,,,,,
,,,,,,
,,,,,,
,,,,,,
,,,,,,
,,,,,,
,,,,,,
,,,,,,
,,,,,,
,,,,,,
,,,,,,
,,,,,,
,,,,,,
,,,,,,
,,,,,,
,,,,,,
,,,,,,
,,,,,,
,,,,,,
,,,,,,
,,,,,,
,,,,,,
,,,,,,
,,,,,,
,,,,,,
,,,,,,
,,,,,,
,,,,,,
,,,,,,
,,,,,,
,,,,,,
,,,,,,
,,,,,,
,,,,,,
,,,,,,
,,,,,,
,,,,,,
,,,,,,
,,,,,,
,,,,,,
,,,,,,
,,,,,,
,,,,,,
,,,,,,
,,,,,,
,,,,,,
,,,,,,
,,,,,,
,,,,,,
,,,,,,
,,,,,,
,,,,,,
,,,,,,
,,,,,,
,,,,,,
,,,,,,
,,,,,,
